<profile version="1.0">
  <option name="myName" value="Default" />
  <inspection_tool class="PyPackageRequirementsInspection" enabled="true" level="WARNING" enabled_by_default="true">
    <option name="ignoredPackages">
      <value>
        <list size="136">
          <item index="0" class="java.lang.String" itemvalue="pandas" />
          <item index="1" class="java.lang.String" itemvalue="seaborn" />
          <item index="2" class="java.lang.String" itemvalue="httpx" />
          <item index="3" class="java.lang.String" itemvalue="jupyterlab_widgets" />
          <item index="4" class="java.lang.String" itemvalue="Babel" />
          <item index="5" class="java.lang.String" itemvalue="scikit-learn" />
          <item index="6" class="java.lang.String" itemvalue="defusedxml" />
          <item index="7" class="java.lang.String" itemvalue="executing" />
          <item index="8" class="java.lang.String" itemvalue="pycparser" />
          <item index="9" class="java.lang.String" itemvalue="time-machine" />
          <item index="10" class="java.lang.String" itemvalue="bleach" />
          <item index="11" class="java.lang.String" itemvalue="jupyter_server_terminals" />
          <item index="12" class="java.lang.String" itemvalue="soupsieve" />
          <item index="13" class="java.lang.String" itemvalue="prometheus_client" />
          <item index="14" class="java.lang.String" itemvalue="jsonschema" />
          <item index="15" class="java.lang.String" itemvalue="qtconsole" />
          <item index="16" class="java.lang.String" itemvalue="terminado" />
          <item index="17" class="java.lang.String" itemvalue="comm" />
          <item index="18" class="java.lang.String" itemvalue="pexpect" />
          <item index="19" class="java.lang.String" itemvalue="ipykernel" />
          <item index="20" class="java.lang.String" itemvalue="nbconvert" />
          <item index="21" class="java.lang.String" itemvalue="attrs" />
          <item index="22" class="java.lang.String" itemvalue="contourpy" />
          <item index="23" class="java.lang.String" itemvalue="psutil" />
          <item index="24" class="java.lang.String" itemvalue="jedi" />
          <item index="25" class="java.lang.String" itemvalue="jupyter_server" />
          <item index="26" class="java.lang.String" itemvalue="pure-eval" />
          <item index="27" class="java.lang.String" itemvalue="jupyterlab_pygments" />
          <item index="28" class="java.lang.String" itemvalue="asttokens" />
          <item index="29" class="java.lang.String" itemvalue="platformdirs" />
          <item index="30" class="java.lang.String" itemvalue="matplotlib" />
          <item index="31" class="java.lang.String" itemvalue="httpcore" />
          <item index="32" class="java.lang.String" itemvalue="referencing" />
          <item index="33" class="java.lang.String" itemvalue="decorator" />
          <item index="34" class="java.lang.String" itemvalue="json5" />
          <item index="35" class="java.lang.String" itemvalue="cffi" />
          <item index="36" class="java.lang.String" itemvalue="pandocfilters" />
          <item index="37" class="java.lang.String" itemvalue="numpy" />
          <item index="38" class="java.lang.String" itemvalue="jupyter-events" />
          <item index="39" class="java.lang.String" itemvalue="sniffio" />
          <item index="40" class="java.lang.String" itemvalue="websocket-client" />
          <item index="41" class="java.lang.String" itemvalue="jupyter" />
          <item index="42" class="java.lang.String" itemvalue="stack-data" />
          <item index="43" class="java.lang.String" itemvalue="nest-asyncio" />
          <item index="44" class="java.lang.String" itemvalue="prompt-toolkit" />
          <item index="45" class="java.lang.String" itemvalue="xgboost" />
          <item index="46" class="java.lang.String" itemvalue="ipywidgets" />
          <item index="47" class="java.lang.String" itemvalue="tornado" />
          <item index="48" class="java.lang.String" itemvalue="jsonpointer" />
          <item index="49" class="java.lang.String" itemvalue="Send2Trash" />
          <item index="50" class="java.lang.String" itemvalue="overrides" />
          <item index="51" class="java.lang.String" itemvalue="mistune" />
          <item index="52" class="java.lang.String" itemvalue="jupyter-console" />
          <item index="53" class="java.lang.String" itemvalue="debugpy" />
          <item index="54" class="java.lang.String" itemvalue="argon2-cffi" />
          <item index="55" class="java.lang.String" itemvalue="pytz" />
          <item index="56" class="java.lang.String" itemvalue="webencodings" />
          <item index="57" class="java.lang.String" itemvalue="notebook_shim" />
          <item index="58" class="java.lang.String" itemvalue="traitlets" />
          <item index="59" class="java.lang.String" itemvalue="rfc3339-validator" />
          <item index="60" class="java.lang.String" itemvalue="joblib" />
          <item index="61" class="java.lang.String" itemvalue="threadpoolctl" />
          <item index="62" class="java.lang.String" itemvalue="arrow" />
          <item index="63" class="java.lang.String" itemvalue="python-dateutil" />
          <item index="64" class="java.lang.String" itemvalue="h11" />
          <item index="65" class="java.lang.String" itemvalue="nbclient" />
          <item index="66" class="java.lang.String" itemvalue="QtPy" />
          <item index="67" class="java.lang.String" itemvalue="cycler" />
          <item index="68" class="java.lang.String" itemvalue="MarkupSafe" />
          <item index="69" class="java.lang.String" itemvalue="tinycss2" />
          <item index="70" class="java.lang.String" itemvalue="python-json-logger" />
          <item index="71" class="java.lang.String" itemvalue="pyzmq" />
          <item index="72" class="java.lang.String" itemvalue="certifi" />
          <item index="73" class="java.lang.String" itemvalue="anyio" />
          <item index="74" class="java.lang.String" itemvalue="pendulum" />
          <item index="75" class="java.lang.String" itemvalue="pyparsing" />
          <item index="76" class="java.lang.String" itemvalue="notebook" />
          <item index="77" class="java.lang.String" itemvalue="beautifulsoup4" />
          <item index="78" class="java.lang.String" itemvalue="isoduration" />
          <item index="79" class="java.lang.String" itemvalue="jupyter-lsp" />
          <item index="80" class="java.lang.String" itemvalue="fqdn" />
          <item index="81" class="java.lang.String" itemvalue="jupyter_client" />
          <item index="82" class="java.lang.String" itemvalue="kiwisolver" />
          <item index="83" class="java.lang.String" itemvalue="jupyterlab_server" />
          <item index="84" class="java.lang.String" itemvalue="fonttools" />
          <item index="85" class="java.lang.String" itemvalue="widgetsnbextension" />
          <item index="86" class="java.lang.String" itemvalue="argon2-cffi-bindings" />
          <item index="87" class="java.lang.String" itemvalue="matplotlib-inline" />
          <item index="88" class="java.lang.String" itemvalue="webcolors" />
          <item index="89" class="java.lang.String" itemvalue="ptyprocess" />
          <item index="90" class="java.lang.String" itemvalue="wcwidth" />
          <item index="91" class="java.lang.String" itemvalue="jupyter_core" />
          <item index="92" class="java.lang.String" itemvalue="Jinja2" />
          <item index="93" class="java.lang.String" itemvalue="rfc3986-validator" />
          <item index="94" class="java.lang.String" itemvalue="types-python-dateutil" />
          <item index="95" class="java.lang.String" itemvalue="jsonschema-specifications" />
          <item index="96" class="java.lang.String" itemvalue="rpds-py" />
          <item index="97" class="java.lang.String" itemvalue="uri-template" />
          <item index="98" class="java.lang.String" itemvalue="urllib3" />
          <item index="99" class="java.lang.String" itemvalue="jupyterlab" />
          <item index="100" class="java.lang.String" itemvalue="parso" />
          <item index="101" class="java.lang.String" itemvalue="nbformat" />
          <item index="102" class="java.lang.String" itemvalue="tzdata" />
          <item index="103" class="java.lang.String" itemvalue="ipython" />
          <item index="104" class="java.lang.String" itemvalue="packaging" />
          <item index="105" class="java.lang.String" itemvalue="fastjsonschema" />
          <item index="106" class="java.lang.String" itemvalue="pillow" />
          <item index="107" class="java.lang.String" itemvalue="async-lru" />
          <item index="108" class="java.lang.String" itemvalue="protobuf" />
          <item index="109" class="java.lang.String" itemvalue="tzlocal" />
          <item index="110" class="java.lang.String" itemvalue="googleapis-common-protos" />
          <item index="111" class="java.lang.String" itemvalue="PyYAML" />
          <item index="112" class="java.lang.String" itemvalue="python-dotenv" />
          <item index="113" class="java.lang.String" itemvalue="pyspark" />
          <item index="114" class="java.lang.String" itemvalue="py4j" />
          <item index="115" class="java.lang.String" itemvalue="python-slugify" />
          <item index="116" class="java.lang.String" itemvalue="requests" />
          <item index="117" class="java.lang.String" itemvalue="patsy" />
          <item index="118" class="java.lang.String" itemvalue="XlsxWriter" />
          <item index="119" class="java.lang.String" itemvalue="Pygments" />
          <item index="120" class="java.lang.String" itemvalue="grpcio-status" />
          <item index="121" class="java.lang.String" itemvalue="JayDeBeApi" />
          <item index="122" class="java.lang.String" itemvalue="pyarrow" />
          <item index="123" class="java.lang.String" itemvalue="scipy" />
          <item index="124" class="java.lang.String" itemvalue="text-unidecode" />
          <item index="125" class="java.lang.String" itemvalue="et-xmlfile" />
          <item index="126" class="java.lang.String" itemvalue="JPype1" />
          <item index="127" class="java.lang.String" itemvalue="tqdm" />
          <item index="128" class="java.lang.String" itemvalue="kaggle" />
          <item index="129" class="java.lang.String" itemvalue="regex" />
          <item index="130" class="java.lang.String" itemvalue="charset-normalizer" />
          <item index="131" class="java.lang.String" itemvalue="statsmodels" />
          <item index="132" class="java.lang.String" itemvalue="grpcio" />
          <item index="133" class="java.lang.String" itemvalue="argparse-range" />
          <item index="134" class="java.lang.String" itemvalue="idna" />
          <item index="135" class="java.lang.String" itemvalue="openpyxl" />
        </list>
      </value>
    </option>
  </inspection_tool>
</profile>