<application>
  <component name="ProjectManager">
    <defaultProject>
      <component name="WindowStateProjectService">
        <state x="2658" y="297" width="424" height="483" key="FileChooserDialogImpl" timestamp="1715789025699">
          <screen x="1920" y="0" width="1920" height="1080" />
        </state>
        <state x="2658" y="297" width="424" height="483" key="FileChooserDialogImpl/1224.1080.1366.724/1920.0.1920.1080/0.0.1920.1080" timestamp="1715789025699" />
      </component>
    </defaultProject>
  </component>
</application>