<keymap version="1" name="Windows copy" parent="$default">
  <action id="CloseEditor">
    <keyboard-shortcut first-keystroke="ctrl w" />
  </action>
  <action id="EditorSelectWord" />
  <action id="EditorToggleColumnMode">
    <keyboard-shortcut first-keystroke="shift alt insert" />
    <keyboard-shortcut first-keystroke="alt back_slash" />
  </action>
  <action id="EditorToggleUseSoftWraps">
    <keyboard-shortcut first-keystroke="alt w" />
  </action>
  <action id="MainMenuButton.ShowMenu" />
  <action id="SmartSelect" />
  <action id="UsageFiltering.WriteAccess" />
</keymap>